state,pop
Colorado,5531141.0
West Virginia,1829054.0
Hawaii,1421954.0
Ohio,11641879.0
Alabama,4864680.0
Puerto Rico,3386941.0
Illinois,12821497.0
Florida,20598139.0
North Carolina,10155624.0
South Carolina,4955925.0
Arkansas,2990671.0
Iowa,3132499.0
Washington,7294336.0
New Mexico,2092434.0
Montana,1041732.0
Georgia,10297484.0
Mississippi,2988762.0
Oklahoma,3918137.0
Missouri,6090062.0
Massachusetts,6801779.0
